id,name,origin_country,group,size,temperament,life_expectancy,weight_kg_min,weight_kg_max,height_cm_min,height_cm_max,description,popularity_rank
golden-retriever,Golden Retriever,United Kingdom,Sporting,Large,Friendly|Reliable|Trustworthy,10-12 years,25,34,51,61,"The Golden Retriever is a sturdy, medium-large gundog known for its dense, lustrous coat of gold that gives the breed its name.",3
german-shepherd,German Shepherd,Germany,Herding,Large,Confident|Courageous|Smart,7-10 years,22,40,55,65,"The German Shepherd is a large, agile, muscular dog of noble character and high intelligence, capable of learning commands for many tasks.",2
labrador-retriever,Labrador Retriever,Canada,Sporting,Large,Friendly|Active|Outgoing,10-12 years,25,36,55,62,"The Labrador Retriever is a strongly built, medium-sized, short-coupled dog that is athletic and well-balanced. It is the most popular breed in many countries.",1
poodle,Poodle,France,Non-Sporting,Medium,Intelligent|Active|Alert,10-18 years,18,32,45,60,The Poodle is an exceptionally smart and active dog available in three size varieties. It is known for its curly hypoallergenic coat and elegant appearance.,5
bulldog,Bulldog,United Kingdom,Non-Sporting,Medium,Friendly|Courageous|Calm,8-10 years,18,25,31,40,"The Bulldog is a medium-sized breed with a thick-set, low-slung body and massive short-faced head. Known for its loose-jointed, shuffling gait and gentle disposition.",6
beagle,Beagle,United Kingdom,Hound,Small,Merry|Friendly|Curious,10-15 years,9,11,33,41,"The Beagle is a small scent hound originally bred for hunting hare. It is a popular pet due to its size, good temper, and lack of inherited health problems.",7
rottweiler,Rottweiler,Germany,Working,Large,Loyal|Confident|Courageous,9-10 years,36,60,56,69,The Rottweiler is a robust working breed of great strength descended from the mastiffs of the Roman legions. A gentle playmate and protector within the family.,8
dachshund,Dachshund,Germany,Hound,Small,Clever|Stubborn|Devoted,12-16 years,7,15,20,23,"The Dachshund is a short-legged, long-bodied hound-type dog breed originally bred to scent, chase, and flush out badgers and other burrow-dwelling animals.",10
shiba-inu,Shiba Inu,Japan,Non-Sporting,Small,Alert|Active|Attentive,13-16 years,8,11,34,41,"The Shiba Inu is the smallest of the six original Japanese spitz breeds. An ancient breed with a bold, spirited personality and fox-like appearance.",44
akita,Akita,Japan,Working,Large,Courageous|Dignified|Loyal,10-13 years,32,59,61,71,"The Akita is a large, powerful, and alert breed with a noble and intimidating presence. Originally used for guarding royalty and nobility in feudal Japan.",47
chow-chow,Chow Chow,China,Non-Sporting,Medium,Dignified|Bright|Serious,8-12 years,20,32,43,51,"The Chow Chow is a powerful, compactly built dog with a lion-like mane and distinctive blue-black tongue. One of the world's oldest dog breeds.",75
shar-pei,Shar Pei,China,Non-Sporting,Medium,Loyal|Independent|Calm,8-12 years,18,25,46,51,The Shar Pei is an ancient Chinese breed known for its deep wrinkles and blue-black tongue. Originally bred as a guard dog and fighter.,64
pekingese,Pekingese,China,Toy,Small,Affectionate|Loyal|Regal,12-14 years,3,6,15,23,The Pekingese is a compact toy companion of regal bearing and a distinctive rolling gait. Bred for centuries to be the cherished companions of Chinese emperors.,92
shih-tzu,Shih Tzu,China,Toy,Small,Affectionate|Playful|Outgoing,10-18 years,4,7,20,28,"The Shih Tzu is a lively, charming toy dog with a long flowing double coat. Bred solely to be a companion, this breed has been a lap dog since ancient times.",20
lhasa-apso,Lhasa Apso,Tibet,Non-Sporting,Small,Confident|Smart|Comical,12-15 years,5,8,25,28,"The Lhasa Apso is a thousand-year-old breed that served as sentinel dogs at palaces and monasteries in the Himalayas. Hardy, confident, and surprisingly tough.",71
tibetan-mastiff,Tibetan Mastiff,Tibet,Working,Giant,Independent|Reserved|Protective,10-12 years,34,73,61,76,"The Tibetan Mastiff is a massive, imposing guardian breed with a thick double coat and a lion-like mane. An ancient breed used to protect flocks and homes in Tibet.",131
basenji,Basenji,Democratic Republic of the Congo,Hound,Small,Independent|Smart|Poised,13-14 years,9,11,40,43,"The Basenji is a small, graceful hound from Africa known as the barkless dog. It produces an unusual yodel-like sound due to its unusually shaped larynx.",87
rhodesian-ridgeback,Rhodesian Ridgeback,Zimbabwe,Hound,Large,Dignified|Affectionate|Even-Tempered,10-12 years,32,41,61,69,"The Rhodesian Ridgeback is a large, muscular hound known for the distinctive ridge of hair running along its back. Originally bred to hunt lions in Africa.",41
saluki,Saluki,Iran,Hound,Large,Gentle|Dignified|Independent,10-17 years,18,27,58,71,"The Saluki is one of the oldest known breeds, prized for its grace, speed, and endurance. Used for thousands of years by Arab nomads to hunt gazelles.",120
afghan-hound,Afghan Hound,Afghanistan,Hound,Large,Dignified|Aloof|Happy,12-18 years,23,27,63,69,"The Afghan Hound is an elegant, aristocratic sighthound with a long, silky coat. An ancient breed from the mountains of Afghanistan, known for its independent nature.",113
borzoi,Borzoi,Russia,Hound,Large,Affectionate|Loyal|Regally Dignified,9-14 years,27,48,66,79,"The Borzoi is a graceful, tall Russian sighthound originally bred by the aristocracy for wolf hunting. Known for its elegant, silky coat and calm demeanor.",103
samoyed,Samoyed,Russia,Working,Medium,Adaptable|Friendly|Gentle,12-14 years,16,30,48,60,The Samoyed is a fluffy white spitz breed with a perpetual smile. Bred by the Samoyede people of Siberia for herding reindeer and pulling sleds.,59
siberian-husky,Siberian Husky,Russia,Working,Medium,Loyal|Mischievous|Outgoing,12-14 years,16,27,51,60,The Siberian Husky is a medium-sized working sled dog bred by the Chukchi people of northeastern Asia. Known for striking blue or multi-colored eyes.,14
alaskan-malamute,Alaskan Malamute,United States,Working,Large,Affectionate|Loyal|Playful,10-14 years,34,39,58,64,The Alaskan Malamute is a powerful freight-hauling sled dog bred by the Mahlemut Inuit people. One of the oldest Arctic sled dogs.,58
australian-shepherd,Australian Shepherd,United States,Herding,Medium,Smart|Work-Oriented|Exuberant,12-15 years,18,29,46,58,"The Australian Shepherd is a lean, tough ranch dog despite its name developed in the western United States. Known for its striking merle coat and bright eyes.",12
border-collie,Border Collie,United Kingdom,Herding,Medium,Affectionate|Smart|Energetic,12-15 years,14,20,46,56,The Border Collie is widely regarded as the most intelligent dog breed. A workaholic herding dog from the Anglo-Scottish border region.,31
cavalier-king-charles-spaniel,Cavalier King Charles Spaniel,United Kingdom,Toy,Small,Affectionate|Gentle|Graceful,12-15 years,5,8,30,33,"The Cavalier King Charles Spaniel is a gentle, affectionate toy spaniel with a silky coat. Named after King Charles II who was devoted to the breed.",15
cocker-spaniel,Cocker Spaniel,United Kingdom,Sporting,Medium,Gentle|Smart|Happy,10-14 years,12,16,36,43,"The Cocker Spaniel is a merry, well-balanced sporting dog with long, lush ears and a wagging tail. Originally bred as a hunting dog for woodcock.",29
dalmatian,Dalmatian,Croatia,Non-Sporting,Large,Dignified|Smart|Outgoing,11-13 years,20,32,48,61,"The Dalmatian is a graceful, medium-large breed known for its unique spotted coat. Historically used as a carriage dog and firehouse mascot.",56
doberman-pinscher,Doberman Pinscher,Germany,Working,Large,Loyal|Fearless|Alert,10-12 years,27,45,61,72,"The Doberman Pinscher is a sleek, powerful, fearless, and fast dog. Developed by Karl Friedrich Louis Dobermann as a personal protection dog in Germany.",16
great-dane,Great Dane,Germany,Working,Giant,Friendly|Patient|Dependable,7-10 years,45,90,71,86,"The Great Dane is one of the tallest dog breeds in the world. Despite its imposing size, it is known as a gentle giant with a friendly, patient nature.",17
irish-setter,Irish Setter,Ireland,Sporting,Large,Active|Outgoing|Sweet-Natured,12-15 years,27,32,58,67,The Irish Setter is a high-spirited gundog known for its stunning mahogany or chestnut red coat. A rollicking companion with a sweet and trainable nature.,77
italian-greyhound,Italian Greyhound,Italy,Toy,Small,Playful|Alert|Sensitive,14-15 years,3,5,33,38,"The Italian Greyhound is a slender, graceful toy breed that is a miniature version of the Greyhound. Prized as a companion for over two millennia.",73
jack-russell-terrier,Jack Russell Terrier,United Kingdom,Terrier,Small,Alert|Inquisitive|Lively,12-14 years,6,8,25,30,"The Jack Russell Terrier is a small, energetic breed that was developed for fox hunting. Known for its fearless character and boundless energy.",69
maltese,Maltese,Malta,Toy,Small,Gentle|Playful|Charming,12-15 years,1,3,20,25,"The Maltese is a gentle, playful, and charming toy breed with a luxurious white silk coat. One of the most ancient toy breeds, dating back over 2000 years.",37
newfoundland,Newfoundland,Canada,Working,Giant,Sweet|Patient|Devoted,9-10 years,45,68,63,74,"The Newfoundland is a massive, powerful working dog with a sweet, patient disposition. Famous for its lifesaving instincts and exceptional swimming ability.",40
papillon,Papillon,France,Toy,Small,Friendly|Alert|Happy,14-16 years,2,5,20,28,"The Papillon is a small, elegant toy spaniel named for its butterfly-like ear fringes. Despite its dainty appearance, it is a hardy and athletic companion.",54
pomeranian,Pomeranian,Germany,Toy,Small,Inquisitive|Bold|Lively,12-16 years,1,3,18,24,"The Pomeranian is a cocky, animated companion with an extravagant coat. A spitz breed descended from large sled dogs, now miniaturized into a tiny package.",23
pug,Pug,China,Toy,Small,Charming|Mischievous|Loving,13-15 years,6,8,25,33,"The Pug is a beloved toy companion with a wrinkly, short-muzzled face and curled tail. An ancient breed from China cherished as a companion of Chinese emperors.",28
saint-bernard,Saint Bernard,Switzerland,Working,Giant,Playful|Charming|Inquisitive,8-10 years,54,82,65,90,"The Saint Bernard is a giant, powerful alpine rescue dog famous for saving travelers in the Swiss Alps. Known for its gentle, watchful temperament.",48
standard-schnauzer,Standard Schnauzer,Germany,Working,Medium,Fearless|Smart|Spirited,13-16 years,14,20,44,50,"The Standard Schnauzer is a robust, squarely built, medium-sized dog with a wiry coat and distinctive beard and eyebrows. An excellent watchdog and companion.",90
scottish-terrier,Scottish Terrier,United Kingdom,Terrier,Small,Confident|Independent|Spirited,12 years,8,10,25,28,"The Scottish Terrier is a small, compact, sturdy terrier with a distinctive profile and wiry coat. Known for its dignified, independent, and sometimes stubborn nature.",57
weimaraner,Weimaraner,Germany,Sporting,Large,Friendly|Fearless|Obedient,10-13 years,25,40,58,69,"The Weimaraner is a graceful, athletic gundog with a distinctive silver-gray coat. Originally bred for big-game hunting by German nobility.",36
whippet,Whippet,United Kingdom,Hound,Medium,Affectionate|Playful|Calm,12-15 years,11,21,44,51,The Whippet is a medium-sized sighthound that is the fastest domesticated animal of its weight. Known as the poor man's racehorse in Victorian England.,61
yorkshire-terrier,Yorkshire Terrier,United Kingdom,Toy,Small,Affectionate|Sprightly|Tomboyish,11-15 years,2,3,18,23,"The Yorkshire Terrier is a small toy terrier with a gorgeous silky coat. Despite its glamorous appearance, it is a true terrier at heart: feisty and brave.",13
french-bulldog,French Bulldog,France,Non-Sporting,Small,Adaptable|Playful|Smart,10-12 years,8,13,28,33,"The French Bulldog is a charming, adaptable companion with distinctive bat ears. One of the most popular small-dog breeds in the world.",4
boxer,Boxer,Germany,Working,Large,Bright|Fun-Loving|Active,10-12 years,25,32,53,63,"The Boxer is a medium to large short-haired breed developed in Germany. Playful, patient, and protective, making it an ideal family dog.",11
great-pyrenees,Great Pyrenees,France,Working,Giant,Smart|Patient|Calm,10-12 years,36,54,63,81,"The Great Pyrenees is a majestic, immensely powerful livestock guardian with a beautiful white weatherproof coat. An ancient breed from the Pyrenees Mountains.",66
bernese-mountain-dog,Bernese Mountain Dog,Switzerland,Working,Large,Good-Natured|Calm|Strong,7-10 years,36,52,58,70,"The Bernese Mountain Dog is a large, sturdy worker from the Swiss Alps with a striking tricolor coat. Known for being gentle, affectionate, and eager to please.",22
portuguese-water-dog,Portuguese Water Dog,Portugal,Working,Medium,Affectionate|Adventurous|Athletic,11-13 years,16,27,43,57,"The Portuguese Water Dog is an athletic, loyal swimmer with a waterproof curly or wavy coat. Bred to assist Portuguese fishermen by herding fish and retrieving gear.",50
vizsla,Vizsla,Hungary,Sporting,Medium,Affectionate|Energetic|Gentle,12-14 years,20,29,53,64,"The Vizsla is a versatile, red-coated Hungarian hunting dog. Nicknamed the Velcro dog for its desire to be close to its owner at all times.",33
belgian-malinois,Belgian Malinois,Belgium,Herding,Large,Confident|Smart|Hardworking,14-16 years,20,34,56,66,"The Belgian Malinois is a confident, smart herding dog favored for police and military work worldwide. Intensely loyal and driven.",32
australian-cattle-dog,Australian Cattle Dog,Australia,Herding,Medium,Alert|Curious|Pleasant,12-16 years,15,22,43,51,"The Australian Cattle Dog is a sturdy, compact herding dog developed in Australia for droving cattle over long distances. Also known as the Blue Heeler.",55
havanese,Havanese,Cuba,Toy,Small,Intelligent|Outgoing|Funny,14-16 years,3,6,22,29,"The Havanese is the national dog of Cuba and its only native breed. A cheerful little dog with a spring in its step and a silky, flowing coat.",24
brittany,Brittany,France,Sporting,Medium,Bright|Fun-Loving|Upbeat,12-14 years,14,18,44,52,The Brittany is a versatile gundog that combines the best qualities of a pointer and a retriever. Originally from the Brittany province of France.,26
english-springer-spaniel,English Springer Spaniel,United Kingdom,Sporting,Medium,Friendly|Playful|Obedient,12-14 years,18,25,46,51,"The English Springer Spaniel is a bird dog of great energy, stamina, and brains. Its compact body and long ears make it a tireless, loyal sporting companion.",27
shetland-sheepdog,Shetland Sheepdog,United Kingdom,Herding,Small,Playful|Energetic|Bright,12-14 years,6,12,33,41,"The Shetland Sheepdog is a small, agile herding dog from Scotland's Shetland Islands. Resembles a miniature Collie and is exceptionally intelligent and willing to please.",25
miniature-schnauzer,Miniature Schnauzer,Germany,Terrier,Small,Friendly|Smart|Obedient,12-15 years,5,9,30,36,"The Miniature Schnauzer is a robust, sturdily built terrier with a distinctive beard and eyebrows. The most popular of the three Schnauzer breeds.",19
cane-corso,Cane Corso,Italy,Working,Large,Affectionate|Intelligent|Majestic,9-12 years,40,50,58,70,The Cane Corso is a large Italian molosser known for its imposing appearance and protective nature. A descendant of the Roman war dogs of antiquity.,21
miniature-pinscher,Miniature Pinscher,Germany,Toy,Small,Fearless|Fun-Loving|Proud,12-16 years,4,5,25,32,"The Miniature Pinscher is a compact, elegant toy breed known as the King of Toys. Despite resembling a small Doberman, it is a much older breed.",72
chinese-crested,Chinese Crested,China,Toy,Small,Affectionate|Alert|Lively,13-18 years,2,5,23,33,"The Chinese Crested comes in two varieties: hairless and powderpuff. A playful, loving companion that bonds intensely with its owner.",79
xoloitzcuintli,Xoloitzcuintli,Mexico,Non-Sporting,Medium,Loyal|Alert|Calm,13-18 years,4,25,25,60,The Xoloitzcuintli is an ancient Aztec dog breed that comes in hairless and coated varieties. Considered sacred by the Aztecs for over 3000 years.,140
chihuahua,Chihuahua,Mexico,Toy,Small,Charming|Graceful|Sassy,14-16 years,1,3,15,23,"The Chihuahua is the smallest recognized dog breed, named after the Mexican state. A national symbol of Mexico with a saucy, confident personality.",34
pharaoh-hound,Pharaoh Hound,Malta,Hound,Medium,Friendly|Smart|Noble,12-14 years,18,27,53,63,"The Pharaoh Hound is an elegant, powerful sighthound and the national dog of Malta. One of the few dogs that visibly blushes when excited.",168
ibizan-hound,Ibizan Hound,Spain,Hound,Large,Family-Oriented|Even-Tempered|Polite,11-14 years,20,29,56,69,"The Ibizan Hound is a lean, agile sighthound from the Balearic Islands of Spain. Known for its deer-like elegance and exceptional jumping ability.",152
canaan-dog,Canaan Dog,Israel,Herding,Medium,Confident|Alert|Vigilant,12-15 years,18,25,48,61,"The Canaan Dog is the national dog of Israel, a primitive pariah dog that has survived in the desert for thousands of years. Alert and territorial.",179
thai-ridgeback,Thai Ridgeback,Thailand,Foundation Stock Service,Medium,Loyal|Independent|Intelligent,12-13 years,16,34,51,61,The Thai Ridgeback is a primitive breed from Thailand with a distinctive ridge of hair along its back. An ancient breed used for hunting and guarding.,
korean-jindo,Korean Jindo,South Korea,Foundation Stock Service,Medium,Bold|Faithful|Intelligent,14-15 years,15,23,46,55,"The Korean Jindo is a spitz-type hunting dog from Jindo Island, South Korea. Designated as a national treasure of Korea for its unwavering loyalty.",
taiwan-dog,Taiwan Dog,Taiwan,Foundation Stock Service,Medium,Loyal|Bold|Alert,12-16 years,12,18,43,52,"The Taiwan Dog is a small to medium breed native to Taiwan, descended from ancient South Asian hunting dogs. A highly loyal and versatile companion.",
azawakh,Azawakh,Mali,Hound,Large,Loyal|Independent|Deeply Affectionate,12-15 years,15,25,60,74,"The Azawakh is a West African sighthound from the Sahel region. Lean and elegant, it was bred by Tuareg nomads as a guard and hunting dog.",193
sloughi,Sloughi,Morocco,Hound,Large,Graceful|Noble|Reserved,10-15 years,18,28,61,72,The Sloughi is a North African sighthound also known as the Arabian Greyhound. A rare and ancient breed valued for its speed and hunting prowess.,190
cirneco-dell-etna,Cirneco dell'Etna,Italy,Hound,Medium,Affectionate|Friendly|Independent,12-14 years,8,12,42,50,"The Cirneco dell'Etna is a small, sleek coursing hound from Sicily. An ancient breed that has hunted on the slopes of Mount Etna for thousands of years.",183
finnish-spitz,Finnish Spitz,Finland,Non-Sporting,Medium,Friendly|Good-Natured|Lively,13-15 years,9,13,39,50,"The Finnish Spitz is the national dog of Finland, a lively fox-like breed originally used for hunting birds and small game by barking to alert the hunter.",184
finnish-lapphund,Finnish Lapphund,Finland,Herding,Medium,Friendly|Alert|Agile,12-15 years,15,24,41,52,"The Finnish Lapphund is a hardy, easy-going herding dog from the Arctic regions of Scandinavia. Originally bred to herd reindeer by the Sami people.",160
norwegian-elkhound,Norwegian Elkhound,Norway,Hound,Medium,Friendly|Confident|Dependable,12-15 years,20,23,47,52,"The Norwegian Elkhound is a bold, hardy spitz breed that has served as a hunter, guardian, and herder for Vikings for thousands of years.",97
norwegian-lundehund,Norwegian Lundehund,Norway,Non-Sporting,Small,Loyal|Energetic|Alert,12-15 years,6,9,31,38,The Norwegian Lundehund is a unique spitz breed with six toes on each foot and extraordinary flexibility. Originally bred to hunt puffins on Norwegian cliffs.,191
swedish-vallhund,Swedish Vallhund,Sweden,Herding,Small,Friendly|Energetic|Watchful,12-15 years,9,14,30,34,"The Swedish Vallhund is a sturdy, low-to-the-ground Viking dog that has been herding cattle for over a thousand years in Sweden.",169
icelandic-sheepdog,Icelandic Sheepdog,Iceland,Herding,Medium,Cheerful|Friendly|Inquisitive,12-14 years,9,14,42,46,"The Icelandic Sheepdog is Iceland's only native breed, brought by the Vikings. A cheerful, friendly spitz that excels at herding sheep in rugged terrain.",155
lagotto-romagnolo,Lagotto Romagnolo,Italy,Sporting,Medium,Affectionate|Keen|Undemanding,15-17 years,11,16,41,48,"The Lagotto Romagnolo is an Italian water dog now famous as the world's foremost truffle-hunting breed. Has a curly, waterproof coat.",99
spinone-italiano,Spinone Italiano,Italy,Sporting,Large,Sociable|Docile|Patient,10-12 years,29,39,56,70,"The Spinone Italiano is one of Italy's oldest pointing breeds, a muscular all-purpose hunting dog known for its wiry coat and gentle, sociable nature.",109
bracco-italiano,Bracco Italiano,Italy,Sporting,Large,Affectionate|Intelligent|Energetic,10-14 years,25,40,55,67,"The Bracco Italiano is one of the oldest European pointing breeds, prized for its powerful nose and distinctive trot. A gentle and devoted companion.",197
german-shorthaired-pointer,German Shorthaired Pointer,Germany,Sporting,Large,Friendly|Smart|Willing to Please,10-12 years,20,32,53,64,"The German Shorthaired Pointer is a versatile hunter and all-purpose gun dog. An enthusiastic, bold, and instinctively cooperative sporting breed.",9
german-wirehaired-pointer,German Wirehaired Pointer,Germany,Sporting,Large,Affectionate|Eager|Enthusiastic,14-16 years,27,32,56,67,"The German Wirehaired Pointer is a sturdy, well-muscled gundog with a distinctive wiry coat that protects it from rough cover, water, and weather.",63
hungarian-wirehaired-vizsla,Wirehaired Vizsla,Hungary,Sporting,Medium,Gentle|Loyal|Trainable,12-14 years,20,29,54,64,The Wirehaired Vizsla is a versatile Hungarian hunting dog with a dense wiry coat that offers more protection than its smooth-coated cousin.,81
weimaraner,Weimaraner,Germany,Sporting,Large,Friendly|Fearless|Obedient,10-13 years,25,40,58,69,"The Weimaraner is a graceful, athletic gundog with a distinctive silver-gray coat. Originally bred for big-game hunting by German nobility.",36
flat-coated-retriever,Flat-Coated Retriever,United Kingdom,Sporting,Large,Cheerful|Optimistic|Good-Humored,8-10 years,25,36,56,62,"The Flat-Coated Retriever is a happy, optimistic gundog with a distinctive sleek black or liver coat. Known as the Peter Pan of the dog world for its puppy-like attitude.",96
chesapeake-bay-retriever,Chesapeake Bay Retriever,United States,Sporting,Large,Affectionate|Bright|Sensitive,10-13 years,25,36,53,66,"The Chesapeake Bay Retriever is a powerful, intensely loyal American gundog bred to retrieve waterfowl in the frigid, rough waters of the Chesapeake Bay.",45
nova-scotia-duck-tolling-retriever,Nova Scotia Duck Tolling Retriever,Canada,Sporting,Medium,Intelligent|Outgoing|Affectionate,12-14 years,17,23,43,53,"The Nova Scotia Duck Tolling Retriever is the smallest of the retrievers. It lures waterfowl within gunshot range by playing along the shoreline, then retrieves them.",83
irish-wolfhound,Irish Wolfhound,Ireland,Hound,Giant,Courageous|Dignified|Calm,6-8 years,48,70,76,86,"The Irish Wolfhound is the tallest of all dog breeds. Originally bred to hunt wolves in Ireland, it is now a gentle giant known for its serene disposition.",76
scottish-deerhound,Scottish Deerhound,United Kingdom,Hound,Giant,Gentle|Dignified|Polite,8-11 years,34,50,71,81,"The Scottish Deerhound is a tall, majestic coursing hound bred to stalk the giant wild red deer of Scotland. Known as the Royal Dog of Scotland.",158
greyhound,Greyhound,United Kingdom,Hound,Large,Gentle|Independent|Noble,10-13 years,27,40,68,76,"The Greyhound is the fastest dog breed in the world, capable of reaching speeds up to 72 km/h. Despite its racing reputation, it is a gentle, calm companion.",145
bloodhound,Bloodhound,Belgium,Hound,Large,Friendly|Independent|Inquisitive,10-12 years,36,50,58,69,The Bloodhound is a large scent hound with the most powerful nose in the dog kingdom. Its trailing abilities are so precise that evidence it finds is admissible in court.,52
basset-hound,Basset Hound,France,Hound,Medium,Charming|Patient|Low-Key,12-13 years,20,29,28,38,"The Basset Hound is a short-legged scent hound with long ears and a melancholy expression. Despite its droopy appearance, it is a tenacious and determined tracker.",39
petit-basset-griffon-vendeen,Petit Basset Griffon Vendeen,France,Hound,Small,Alert|Happy|Vivacious,14-16 years,11,18,33,38,"The Petit Basset Griffon Vendeen is a small, rough-coated French scent hound bred to hunt rabbits in the Vendee region. Bold and vivacious.",142
bull-terrier,Bull Terrier,United Kingdom,Terrier,Medium,Playful|Charming|Mischievous,12-13 years,22,32,53,56,"The Bull Terrier is a muscular, big-boned terrier with a unique egg-shaped head. A playful, charming, and sometimes comical companion.",62
staffordshire-bull-terrier,Staffordshire Bull Terrier,United Kingdom,Terrier,Medium,Clever|Brave|Tenacious,12-14 years,11,17,36,41,"The Staffordshire Bull Terrier is a muscular, courageous breed known for its love of people, especially children. Nicknamed the nanny dog in the UK.",80
airedale-terrier,Airedale Terrier,United Kingdom,Terrier,Large,Friendly|Clever|Courageous,11-14 years,23,29,56,61,"The Airedale Terrier is the largest of all terrier breeds, known as the King of Terriers. A versatile breed used for hunting, war service, and police work.",60
west-highland-white-terrier,West Highland White Terrier,United Kingdom,Terrier,Small,Loyal|Happy|Entertaining,13-15 years,7,10,25,28,The West Highland White Terrier is a sturdy little dog with a distinctive white coat. Originally bred in Scotland to hunt rats and other underground prey.,42
cairn-terrier,Cairn Terrier,United Kingdom,Terrier,Small,Alert|Cheerful|Busy,13-15 years,6,8,23,33,"The Cairn Terrier is one of Scotland's earliest working dogs, bred to root out foxes from cairns. Made famous by Toto in The Wizard of Oz.",69
norwich-terrier,Norwich Terrier,United Kingdom,Terrier,Small,Affectionate|Alert|Curious,12-15 years,5,6,24,26,The Norwich Terrier is one of the smallest working terriers with prick ears that distinguish it from the drop-eared Norfolk Terrier.,107
norfolk-terrier,Norfolk Terrier,United Kingdom,Terrier,Small,Fearless|Alert|Fun-Loving,12-16 years,5,6,23,25,"The Norfolk Terrier is a small, portable, game terrier known for its drop ears. One of the smallest working terriers, with a fearless yet lovable disposition.",126
wire-fox-terrier,Wire Fox Terrier,United Kingdom,Terrier,Small,Alert|Confident|Gregarious,12-15 years,7,9,36,39,"The Wire Fox Terrier is a lively, quick terrier with a distinctive wiry coat. The most decorated breed at the Westminster Kennel Club Dog Show.",101
border-terrier,Border Terrier,United Kingdom,Terrier,Small,Affectionate|Happy|Plucky,12-15 years,5,7,28,40,"The Border Terrier is a tough, no-frills working terrier from the Anglo-Scottish border. Its otter-shaped head and wiry coat are distinctive features.",86
soft-coated-wheaten-terrier,Soft Coated Wheaten Terrier,Ireland,Terrier,Medium,Friendly|Happy|Deeply Devoted,12-14 years,14,20,43,48,"The Soft Coated Wheaten Terrier is a medium-sized, hardy Irish farm dog. Known for its silky, gently waving wheat-colored coat and exuberant greeting style.",53
kerry-blue-terrier,Kerry Blue Terrier,Ireland,Terrier,Medium,Smart|Alert|Adaptable,12-15 years,15,18,44,48,"The Kerry Blue Terrier is a versatile Irish breed with a distinctive blue-gray curly coat. Originally used for herding, guarding, and hunting on Irish farms.",129
irish-terrier,Irish Terrier,Ireland,Terrier,Medium,Bold|Dashing|Tenderhearted,13-15 years,11,12,46,48,"The Irish Terrier is a bold, dashing, courageous dog known as the daredevil of the terrier group. One of the oldest terrier breeds with a fiery red coat.",123
american-staffordshire-terrier,American Staffordshire Terrier,United States,Terrier,Medium,Confident|Smart|Good-Natured,12-16 years,25,35,43,48,"The American Staffordshire Terrier is a muscular, stocky, yet agile dog. Known for its courage and loyalty, it is a trustworthy family companion.",85
old-english-sheepdog,Old English Sheepdog,United Kingdom,Herding,Large,Adaptable|Gentle|Smart,10-12 years,27,45,53,61,"The Old English Sheepdog is a big, athletic dog with a shaggy coat that covers its entire body including the eyes. Known for its distinctive bear-like shuffle.",67
collie,Collie,United Kingdom,Herding,Large,Devoted|Graceful|Proud,12-14 years,22,34,51,61,The Collie is an elegant herding dog made famous by the character Lassie. A devoted family dog known for its intelligence and loyalty.,38
cardigan-welsh-corgi,Cardigan Welsh Corgi,United Kingdom,Herding,Small,Affectionate|Loyal|Smart,12-15 years,11,17,27,32,"The Cardigan Welsh Corgi is the older of the two Corgi breeds, distinguished by its long tail. A sturdy, versatile herding dog from Wales.",68
pembroke-welsh-corgi,Pembroke Welsh Corgi,United Kingdom,Herding,Small,Affectionate|Smart|Alert,12-13 years,10,14,25,30,"The Pembroke Welsh Corgi is the favorite breed of Queen Elizabeth II. A low-set, sturdy herding dog with a foxy face and affectionate personality.",11
bouvier-des-flandres,Bouvier des Flandres,Belgium,Herding,Large,Affectionate|Courageous|Strong-Willed,10-12 years,27,40,59,68,"The Bouvier des Flandres is a powerfully built Belgian herding dog with a rugged, weather-resistant coat. Originally used for farm work in Flanders.",84
briard,Briard,France,Herding,Large,Confident|Smart|Faithful,12 years,25,45,56,69,"The Briard is a large French herding dog with a long, flowing coat and distinctive beard. Known as a heart wrapped in fur for its loving nature.",132
beauceron,Beauceron,France,Herding,Large,Gentle|Faithful|Obedient,10-12 years,30,45,61,70,"The Beauceron is a large, athletic French herding breed with distinctive double dewclaws. A versatile working dog used by French military and police.",124
berger-picard,Berger Picard,France,Herding,Large,Loyal|Good-Natured|Observant,12-13 years,23,32,55,66,"The Berger Picard is a rare French herding breed with a shaggy, rustic appearance and erect ears. Nearly extinct after both World Wars.",144
komondor,Komondor,Hungary,Working,Giant,Loyal|Dignified|Brave,10-12 years,36,60,64,76,The Komondor is a large Hungarian livestock guardian with a distinctive white corded coat resembling dreadlocks. An imposing and powerful protector.,173
kuvasz,Kuvasz,Hungary,Working,Giant,Loyal|Courageous|Curious,10-12 years,32,52,66,76,The Kuvasz is a majestic Hungarian livestock guardian with a dense white coat. An ancient breed that once guarded the estates of Hungarian nobles.,163
puli,Puli,Hungary,Herding,Medium,Loyal|Obedient|Agile,10-15 years,10,15,36,45,"The Puli is a small-medium Hungarian herding breed famous for its tightly corded coat. An agile, smart, and dedicated working dog.",160
leonberger,Leonberger,Germany,Working,Giant,Friendly|Gentle|Playful,7 years,41,77,65,80,"The Leonberger is a giant breed created in the city of Leonberg, Germany, as a lion-like companion. A gentle, playful, and waterproof family dog.",95
greater-swiss-mountain-dog,Greater Swiss Mountain Dog,Switzerland,Working,Giant,Faithful|Dependable|Family-Oriented,8-11 years,45,63,60,72,"The Greater Swiss Mountain Dog is a large, muscular tricolor breed and the oldest of the four Swiss mountain dog breeds. A versatile draft and drover dog.",74
entlebucher-mountain-dog,Entlebucher Mountain Dog,Switzerland,Herding,Medium,Loyal|Smart|Enthusiastic,11-13 years,20,30,42,50,"The Entlebucher Mountain Dog is the smallest of the four Swiss mountain dog breeds. An energetic, loyal herding dog with a tricolor coat.",157
appenzeller-sennenhund,Appenzeller Sennenhund,Switzerland,Herding,Medium,Reliable|Fearless|Lively,12-15 years,22,32,47,58,The Appenzeller Sennenhund is a versatile Swiss mountain dog bred for herding cattle and general farm work. One of four Swiss mountain dog breeds.,
anatolian-shepherd-dog,Anatolian Shepherd Dog,Turkey,Working,Giant,Loyal|Independent|Reserved,11-13 years,40,68,69,74,"The Anatolian Shepherd Dog is an ancient Turkish livestock guardian with incredible endurance. Bred to protect flocks from wolves, bears, and jackals.",90
central-asian-shepherd-dog,Central Asian Shepherd Dog,Turkmenistan,Foundation Stock Service,Giant,Independent|Courageous|Confident,12-15 years,40,79,60,78,"The Central Asian Shepherd Dog is one of the oldest livestock guardian breeds, existing for over 5000 years. A powerful, independent protector.",
caucasian-shepherd-dog,Caucasian Shepherd Dog,Georgia,Foundation Stock Service,Giant,Bold|Fearless|Strong-Willed,10-12 years,45,100,64,75,"The Caucasian Shepherd Dog is a massive, powerful guardian breed from the Caucasus Mountains. Bred for centuries to protect livestock from predators.",
dogo-argentino,Dogo Argentino,Argentina,Working,Large,Friendly|Cheerful|Humble,9-15 years,35,45,60,68,"The Dogo Argentino is a large, white, muscular dog developed in Argentina for big-game hunting including wild boar and puma.",92
fila-brasileiro,Fila Brasileiro,Brazil,Foundation Stock Service,Giant,Loyal|Determined|Courageous,9-11 years,40,50,60,75,The Fila Brasileiro is a large Brazilian molosser known for its tracking ability and aggressive temperament toward strangers. Fiercely loyal to its family.,
peruvian-inca-orchid,Peruvian Inca Orchid,Peru,Miscellaneous,Medium,Affectionate|Loyal|Noble,12-14 years,4,25,25,65,"The Peruvian Inca Orchid is an ancient hairless breed from Peru, prized by the Inca civilization. Comes in three sizes, both hairless and coated varieties.",
chinese-shar-pei,Chinese Shar-Pei,China,Non-Sporting,Medium,Loyal|Independent|Calm,8-12 years,18,25,46,51,The Chinese Shar-Pei is an ancient breed known for deep wrinkles and blue-black tongue. Originally a village guard dog in southern China.,64
keeshond,Keeshond,Netherlands,Non-Sporting,Medium,Friendly|Lively|Outgoing,12-15 years,15,20,43,46,"The Keeshond is the national dog of the Netherlands, a sturdy spitz with a plush silver and black coat. Known for its spectacular markings around the eyes.",95
schipperke,Schipperke,Belgium,Non-Sporting,Small,Confident|Alert|Curious,12-14 years,3,9,25,33,"The Schipperke is a small, thickset Belgian breed that served as a watchdog and rat catcher on canal barges. Known for its distinctive black coat and foxy face.",105
bichon-frise,Bichon Frise,France,Non-Sporting,Small,Playful|Curious|Peppy,14-15 years,3,5,24,30,"The Bichon Frise is a cheerful, small dog with a powder-puff white coat. A charming, adaptable companion originally from the Mediterranean region.",46
lowchen,Lowchen,Germany,Non-Sporting,Small,Affectionate|Outgoing|Positive,13-15 years,4,8,30,36,"The Lowchen, or Little Lion Dog, is a rare breed traditionally given a lion-trim haircut. A playful and gentle companion that has been popular in Europe since the Renaissance.",170
coton-de-tulear,Coton de Tulear,Madagascar,Non-Sporting,Small,Charming|Bright|Happy-Go-Lucky,15-19 years,4,6,23,28,"The Coton de Tulear is the national dog of Madagascar, named for its cotton-like coat and the port city of Tulear. A charming, witty companion.",81
tibetan-spaniel,Tibetan Spaniel,Tibet,Non-Sporting,Small,Playful|Bright|Self-Confident,12-15 years,4,7,25,28,"The Tibetan Spaniel is a small, assertive breed that served as a watchdog in Tibetan monasteries. Despite its name, it is not a true spaniel.",119
tibetan-terrier,Tibetan Terrier,Tibet,Non-Sporting,Medium,Affectionate|Loyal|Sensitive,15-16 years,8,14,36,43,"The Tibetan Terrier is not actually a terrier but a herding breed considered a good luck charm in Tibet. Known for its large, flat snowshoe-like feet.",96
japanese-chin,Japanese Chin,Japan,Toy,Small,Charming|Noble|Loving,10-12 years,2,7,20,27,The Japanese Chin is an elegant toy breed with a distinctive aristocratic bearing. A charming companion that has been prized by Japanese royalty for centuries.,104
japanese-spitz,Japanese Spitz,Japan,Foundation Stock Service,Small,Loyal|Playful|Alert,12-14 years,5,10,30,38,"The Japanese Spitz is a small companion dog with a pure white fluffy coat. Developed in Japan in the 1920s as a cheerful, loyal family dog.",
kai-ken,Kai Ken,Japan,Foundation Stock Service,Medium,Alert|Brave|Loyal,12-15 years,11,25,43,56,"The Kai Ken is a rare Japanese breed with a distinctive brindle coat. A natural hunter from the mountainous Kai province, prized for its devotion.",
kishu-ken,Kishu Ken,Japan,Foundation Stock Service,Medium,Docile|Faithful|Noble,12-15 years,14,27,43,55,"The Kishu Ken is an ancient Japanese spitz breed from the Kishu region. A quiet, calm, and one-person hunting dog designated a national treasure in Japan.",
hokkaido,Hokkaido,Japan,Foundation Stock Service,Medium,Brave|Alert|Devoted,12-15 years,20,30,46,52,"The Hokkaido is a medium-sized Japanese breed brought to Hokkaido by the Ainu people. Known for withstanding cold and heavy snowfall, and for its fierce loyalty.",
tosa-inu,Tosa Inu,Japan,Foundation Stock Service,Giant,Patient|Courageous|Composed,10-12 years,36,90,55,82,"The Tosa Inu is a large Japanese breed originally bred as a fighting dog. The sumo wrestler of the dog world, known for its calm and patient demeanor.",
jindo,Jindo,South Korea,Foundation Stock Service,Medium,Bold|Faithful|Brave,14-15 years,15,23,46,55,"The Jindo is a spitz-type dog from Jindo Island, South Korea. Known for extraordinary loyalty and homing instinct, it is South Korea's national treasure.",
sapsali,Sapsali,South Korea,Foundation Stock Service,Medium,Loyal|Gentle|Playful,10-12 years,16,28,49,55,"The Sapsali is a shaggy Korean breed once believed to dispel ghosts and evil spirits. Nearly extinct after the Japanese occupation, now a Korean national treasure.",
indian-pariah-dog,Indian Pariah Dog,India,Foundation Stock Service,Medium,Alert|Intelligent|Social,13-16 years,15,25,46,64,"The Indian Pariah Dog is one of the oldest and most primitive dog breeds on earth. A naturally evolved landrace, extremely healthy and well-adapted to Indian climate.",
mudhol-hound,Mudhol Hound,India,Foundation Stock Service,Large,Loyal|Elegant|Courageous,10-14 years,20,30,56,71,"The Mudhol Hound is a sighthound breed from the Deccan Plateau region of India. A graceful, swift hunter used by Indian royalty for centuries.",
rajapalayam,Rajapalayam,India,Foundation Stock Service,Large,Loyal|Devoted|Courageous,9-12 years,20,30,56,65,"The Rajapalayam is a large Indian sighthound from Tamil Nadu, known for its pure white coat and pink nose. Once used as a companion in boar hunting and as a guard dog.",
kanni,Kanni,India,Foundation Stock Service,Large,Loyal|Agile|Graceful,12-16 years,16,22,56,66,"The Kanni is a rare South Indian sighthound traditionally given as a wedding gift. Its name means maiden in Tamil, symbolizing purity and faithfulness.",
afghan-shepherd,Afghan Shepherd,Afghanistan,Foundation Stock Service,Giant,Protective|Loyal|Alert,10-12 years,35,60,66,82,"The Afghan Shepherd, or Kuchi Dog, is a large livestock guardian breed used by the Kuchi nomads of Afghanistan. A powerful and territorial protector.",
kangal,Kangal,Turkey,Foundation Stock Service,Giant,Protective|Calm|Controlled,12-15 years,41,66,65,77,"The Kangal is Turkey's national dog, a powerful livestock guardian with the strongest bite force of any domestic dog breed. Calm and protective.",
catalburun,Catalburun,Turkey,Foundation Stock Service,Large,Gentle|Loyal|Alert,10-13 years,15,25,43,58,The Catalburun is one of only three dog breeds in the world with a split nose. An extremely rare Turkish pointer known for exceptional scenting ability.,
telomian,Telomian,Malaysia,Foundation Stock Service,Small,Alert|Intelligent|Active,12-14 years,8,13,38,46,The Telomian is the only Malaysian dog breed known to the Western world. A primitive breed originally kept by the Orang Asli people to control vermin.,
philippine-askal,Askal,Philippines,Foundation Stock Service,Medium,Intelligent|Adaptable|Loyal,12-16 years,10,22,40,55,"The Askal, or Aspin, is the native dog of the Philippines. A hardy, naturally evolved landrace known for its intelligence and adaptability to tropical climates.",
new-guinea-singing-dog,New Guinea Singing Dog,Papua New Guinea,Foundation Stock Service,Small,Alert|Active|Intelligent,15-18 years,9,14,31,46,"The New Guinea Singing Dog is named for its unique harmonic vocalization. One of the rarest and most primitive canines, closely related to the wild dingo.",
thai-bangkaew-dog,Thai Bangkaew Dog,Thailand,Foundation Stock Service,Medium,Intelligent|Alert|Loyal,12-14 years,15,21,41,55,"The Thai Bangkaew Dog is a spitz-type breed from the Bangkaew village in Thailand. An agile, active companion with a thick double coat.",
boerboel,Boerboel,South Africa,Working,Giant,Confident|Intelligent|Calm,9-11 years,50,80,60,70,"The Boerboel is a large, mastiff-type dog from South Africa developed to guard homesteads. One of the most powerful dog breeds with a calm, stable temperament.",121
africanis,Africanis,South Africa,Foundation Stock Service,Medium,Loyal|Adaptable|Intelligent,10-14 years,18,35,50,62,"The Africanis is a naturally evolved landrace dog from southern Africa with a lean, athletic build. Extremely healthy due to thousands of years of natural selection.",
coton-de-reunion,Coton de Reunion,Reunion,Foundation Stock Service,Small,Friendly|Lively|Intelligent,14-16 years,4,7,24,30,"The Coton de Reunion is a small companion dog from the French island of Reunion in the Indian Ocean. An ancestor of the Coton de Tulear, now extremely rare.",
chinese-chongqing-dog,Chinese Chongqing Dog,China,Foundation Stock Service,Medium,Loyal|Brave|Dignified,15-18 years,15,25,35,50,The Chinese Chongqing Dog is a rare breed from China's Chongqing municipality. Descended from ancient Chinese hunting and guard dogs with over 2000 years of history.,
kunming-wolfdog,Kunming Wolfdog,China,Foundation Stock Service,Large,Intelligent|Trainable|Alert,12-14 years,30,38,60,70,The Kunming Wolfdog is a Chinese breed developed as a military and police working dog. Similar in appearance to the German Shepherd but a distinct breed.,
mudi,Mudi,Hungary,Herding,Medium,Clever|Energetic|Alert,12-14 years,8,13,38,47,"The Mudi is a versatile Hungarian herding breed with a distinctive curly or wavy coat. A rare breed that excels at herding, agility, and search and rescue.",150
croatian-sheepdog,Croatian Sheepdog,Croatia,Foundation Stock Service,Medium,Agile|Alert|Intelligent,12-14 years,13,20,40,53,"The Croatian Sheepdog is an ancient herding breed with a distinctive curly black coat. One of the oldest breeds in the Balkans, dating back to the 7th century.",
tornjak,Tornjak,Bosnia and Herzegovina,Foundation Stock Service,Large,Calm|Protective|Friendly,12-14 years,28,50,58,73,"The Tornjak is a large livestock guardian from Bosnia and Herzegovina, mentioned in historical documents from the 9th century. Calm and friendly with family.",
sarplaninac,Sarplaninac,North Macedonia,Foundation Stock Service,Large,Independent|Protective|Devoted,11-13 years,30,45,56,62,"The Sarplaninac is a large livestock guardian from the Sar Mountains of the Balkans. A calm, devoted protector that bonds deeply with its flock.",
estrela-mountain-dog,Estrela Mountain Dog,Portugal,Foundation Stock Service,Giant,Alert|Keen|Protective,10-14 years,30,50,62,72,"The Estrela Mountain Dog is Portugal's oldest breed, a large guardian from the Serra da Estrela mountains. Known for its loyalty and protective instincts.",
spanish-mastiff,Spanish Mastiff,Spain,Foundation Stock Service,Giant,Affectionate|Determined|Noble,10-12 years,52,100,72,88,"The Spanish Mastiff is a giant livestock guardian from Spain, historically used to protect Merino sheep during transhumance. One of the heaviest dog breeds.",
spanish-water-dog,Spanish Water Dog,Spain,Herding,Medium,Playful|Hardworking|Loyal,12-14 years,14,22,40,50,"The Spanish Water Dog is a versatile working breed from the Iberian Peninsula with a distinctive curly, woolly coat. Excels at herding, retrieving, and water work.",153
portuguese-podengo,Portuguese Podengo,Portugal,Hound,Small,Lively|Alert|Hardy,12-15 years,4,6,20,30,"The Portuguese Podengo Pequeno is a small, primitive sighthound from Portugal. A lively and charming hunter that comes in wire and smooth coat varieties.",154
barbet,Barbet,France,Sporting,Medium,Friendly|Bright|Sweet-Natured,12-14 years,17,28,48,65,"The Barbet is a rare French water dog with a thick, curly, waterproof coat. An archetypical water dog that is the ancestor of many modern breeds.",145
danish-swedish-farmdog,Danish-Swedish Farmdog,Denmark,Foundation Stock Service,Small,Friendly|Lively|Gentle,11-13 years,7,12,32,39,"The Danish-Swedish Farmdog is a compact, lively breed from Scandinavia. Originally a versatile farm dog used for ratting, herding, and as a companion.",
norrbottenspets,Norrbottenspets,Sweden,Foundation Stock Service,Small,Alert|Agile|Fearless,14-17 years,8,15,40,47,"The Norrbottenspets is a small Nordic spitz from northern Sweden. Once thought extinct, it was rediscovered in remote villages and is now used for hunting.",
karelian-bear-dog,Karelian Bear Dog,Finland,Foundation Stock Service,Medium,Brave|Tenacious|Loyal,11-13 years,20,23,49,60,"The Karelian Bear Dog is a Finnish spitz breed used for hunting large game including bears and moose. A fearless, dedicated hunting companion.",
lapponian-herder,Lapponian Herder,Finland,Foundation Stock Service,Medium,Friendly|Calm|Energetic,10-14 years,25,30,46,54,"The Lapponian Herder is a medium-sized Finnish reindeer herding dog from Lapland. A calmer, more obedient alternative to the Finnish Lapphund.",
russian-toy,Russian Toy,Russia,Toy,Small,Cheerful|Active|Intelligent,12-14 years,1,3,20,28,"The Russian Toy is one of the smallest dog breeds in the world. Developed in Russia, it comes in smooth and long-haired varieties with distinctive feathered ears.",148
black-russian-terrier,Black Russian Terrier,Russia,Working,Large,Intelligent|Calm|Powerful,10-12 years,36,68,66,77,"The Black Russian Terrier was developed by Soviet military scientists as a guard dog. Despite its name, it is not a true terrier but a powerful working breed.",116
south-russian-ovcharka,South Russian Ovcharka,Ukraine,Foundation Stock Service,Giant,Fierce|Alert|Dominant,9-11 years,48,50,62,66,"The South Russian Ovcharka is a large livestock guardian from the Ukrainian steppe. Despite its fluffy white appearance, it is a fierce and territorial protector.",
stabyhoun,Stabyhoun,Netherlands,Foundation Stock Service,Medium,Gentle|Patient|Willing,13-15 years,18,25,48,53,"The Stabyhoun is one of the rarest dog breeds in the world, originating from the Friesland province of the Netherlands. A gentle and versatile all-around farm dog.",
kooikerhondje,Nederlandse Kooikerhondje,Netherlands,Sporting,Small,Friendly|Alert|Quick,12-15 years,9,11,35,40,The Nederlandse Kooikerhondje is a small Dutch sporting breed that lured ducks into traps called koois. Known for its distinctive orange-red and white coat.,156
perro-de-presa-canario,Perro de Presa Canario,Spain,Foundation Stock Service,Giant,Confident|Calm|Strong-Willed,9-11 years,38,59,56,66,"The Perro de Presa Canario is a mastiff-type dog from the Canary Islands. Originally bred for working livestock, it is a powerful and confident guardian.",
bolognese,Bolognese,Italy,Foundation Stock Service,Small,Playful|Devoted|Easy-Going,12-14 years,3,4,25,31,"The Bolognese is a small, white, fluffy companion breed from Bologna, Italy. A devoted lap dog cherished by Italian nobility since the Renaissance.",
volpino-italiano,Volpino Italiano,Italy,Foundation Stock Service,Small,Lively|Affectionate|Playful,14-16 years,4,5,25,30,"The Volpino Italiano is a small Italian spitz breed adored by Italian royalty and Renaissance artists. Nearly extinct in the 1960s, now slowly recovering.",
maremma-sheepdog,Maremma Sheepdog,Italy,Foundation Stock Service,Giant,Loyal|Brave|Determined,11-13 years,30,45,60,73,"The Maremma Sheepdog is an Italian livestock guardian from the Maremma region of Tuscany. A noble, independent protector used to guard sheep for centuries.",
polish-lowland-sheepdog,Polish Lowland Sheepdog,Poland,Herding,Medium,Confident|Clever|Adaptable,12-14 years,14,23,42,51,"The Polish Lowland Sheepdog is a shaggy, medium-sized herding dog from Poland. Known for its excellent memory and self-assured, sometimes willful personality.",165
tatra-shepherd-dog,Tatra Shepherd Dog,Poland,Foundation Stock Service,Giant,Calm|Intelligent|Protective,10-12 years,36,59,60,70,"The Tatra Shepherd Dog is a large, white livestock guardian from the Tatra Mountains of Poland. A calm, composed dog with strong protective instincts.",
czechoslovakian-vlcak,Czechoslovakian Vlcak,Czech Republic,Foundation Stock Service,Large,Active|Quick|Fearless,12-16 years,20,36,58,65,The Czechoslovakian Vlcak is a wolfdog breed created by crossing German Shepherds with Carpathian wolves in a 1955 military experiment. Versatile and wolf-like in appearance.,
german-spitz,German Spitz,Germany,Non-Sporting,Small,Devoted|Lively|Attentive,13-15 years,5,16,23,41,"The German Spitz is a classic Northern breed and ancestor of many modern spitz-type dogs. A devoted, lively companion with a beautiful plume tail.",
eurasier,Eurasier,Germany,Foundation Stock Service,Medium,Calm|Confident|Reserved,12-16 years,18,32,48,60,"The Eurasier is a German spitz-type breed created by crossing Chow Chow, Wolfspitz, and Samoyed. A balanced, calm family dog that bonds closely with its owner.",
american-eskimo-dog,American Eskimo Dog,United States,Non-Sporting,Small,Playful|Perky|Smart,13-15 years,3,16,23,48,"The American Eskimo Dog is a beautiful white spitz breed that comes in three sizes. Despite its name, it was developed from German Spitz stock in the United States.",122
american-foxhound,American Foxhound,United States,Hound,Large,Independent|Easy-Going|Sweet-Tempered,11-13 years,27,32,53,64,"The American Foxhound is one of the rarest AKC breeds, descended from hounds brought by English settlers. George Washington was an avid breeder of the American Foxhound.",186
catahoula-leopard-dog,Catahoula Leopard Dog,United States,Foundation Stock Service,Large,Loyal|Independent|Watchful,10-14 years,18,43,51,66,"The Catahoula Leopard Dog is the state dog of Louisiana, named after Catahoula Parish. Known for its striking merle coat, glass eyes, and webbed feet.",
boykin-spaniel,Boykin Spaniel,United States,Sporting,Medium,Friendly|Eager|Lovable,10-15 years,11,18,36,46,"The Boykin Spaniel is the state dog of South Carolina, developed for hunting wild turkeys and ducks from a boat. A versatile, energetic sporting breed.",77
plott-hound,Plott Hound,United States,Hound,Large,Loyal|Alert|Intelligent,12-14 years,18,27,51,64,"The Plott Hound is the state dog of North Carolina, the only coonhound that does not trace its ancestry to the English Foxhound. A tenacious big-game hunter.",171
rat-terrier,Rat Terrier,United States,Terrier,Small,Friendly|Lovable|Inquisitive,12-18 years,4,11,25,46,"The Rat Terrier is a multipurpose farm dog named by Teddy Roosevelt. An American breed that excels at ratting and is a friendly, feisty companion.",88
redbone-coonhound,Redbone Coonhound,United States,Hound,Large,Even-Tempered|Amiable|Eager to Please,12-15 years,20,32,53,69,"The Redbone Coonhound is a handsome, flashy red American hound known for its versatility and pleading expression. Featured in the novel Where the Red Fern Grows.",142
treeing-walker-coonhound,Treeing Walker Coonhound,United States,Hound,Large,Smart|Brave|Sensible,12-13 years,20,32,51,69,The Treeing Walker Coonhound is a tricolored American hound descended from the English Foxhound. One of the most popular coonhound breeds for competitive hunting.,137
blue-lacy,Blue Lacy,United States,Foundation Stock Service,Medium,Active|Intelligent|Determined,12-16 years,11,25,43,53,"The Blue Lacy is the state dog of Texas, bred by the Lacy brothers in the mid-19th century. A versatile working dog used for herding, hunting, and ranching.",
alaskan-klee-kai,Alaskan Klee Kai,United States,Foundation Stock Service,Small,Loyal|Intelligent|Vigilant,13-16 years,3,10,33,43,"The Alaskan Klee Kai is a spitz-type breed developed in the 1970s as a companion-sized version of the Alaskan Husky. Small, energetic, and striking.",
chinook,Chinook,United States,Working,Large,Smart|Patient|Devoted,12-15 years,25,41,56,66,"The Chinook is the official state dog of New Hampshire, developed as a sled and draft dog. One of the rarest breeds, known for its gentle and willing temperament.",190
canaan-dog-2,Israeli Canaan Dog,Israel,Herding,Medium,Confident|Alert|Vigilant,12-15 years,18,25,48,61,"The Canaan Dog is the national breed of Israel, a pariah dog that survived in the Negev Desert. Redomesticated in the 1930s for guard and messenger duties.",179
bedlington-terrier,Bedlington Terrier,United Kingdom,Terrier,Small,Loyal|Charming|Frollicking,11-16 years,8,10,38,44,"The Bedlington Terrier resembles a lamb with its distinctive pear-shaped head and curly coat. A graceful, versatile terrier originally bred for hunting in mines.",141
irish-water-spaniel,Irish Water Spaniel,Ireland,Sporting,Large,Playful|Hardworking|Brave,12-13 years,20,30,53,61,"The Irish Water Spaniel is the tallest of the spaniels, distinguished by its curly liver-colored coat and distinctive rat tail. An energetic and clownish water retriever.",162
field-spaniel,Field Spaniel,United Kingdom,Sporting,Medium,Fun-Loving|Sensitive|Docile,12-13 years,16,23,43,46,"The Field Spaniel is a medium-sized, well-balanced sporting dog. Once nearly extinct, this gentle breed has been carefully restored by devoted breeders.",149
clumber-spaniel,Clumber Spaniel,United Kingdom,Sporting,Medium,Gentle|Amusing|Loyal,10-12 years,25,39,43,51,"The Clumber Spaniel is the largest of the spaniel breeds, a dignified sporting dog favored by British royalty. Calm and devoted but with a mischievous streak.",143
sussex-spaniel,Sussex Spaniel,United Kingdom,Sporting,Medium,Friendly|Cheerful|Even-Tempered,13-15 years,16,20,33,38,"The Sussex Spaniel is a rare, low-set sporting breed from Sussex, England. The only spaniel to bay while working, with a distinctive rich golden-liver coat.",180
gordon-setter,Gordon Setter,United Kingdom,Sporting,Large,Affectionate|Confident|Bold,12-13 years,20,36,58,69,"The Gordon Setter is the heaviest and most powerful of the setter breeds, with a distinctive black and tan coat. A loyal, devoted sporting companion from Scotland.",115
english-setter,English Setter,United Kingdom,Sporting,Large,Friendly|Merry|Mellow,12 years,20,36,58,69,"The English Setter is an elegant, graceful gundog known for its beautiful speckled coat called belton. One of the oldest gundog breeds, mellow and gentle.",102
cesky-terrier,Cesky Terrier,Czech Republic,Terrier,Small,Clever|Adventurous|Family-Oriented,12-15 years,6,10,25,32,"The Cesky Terrier is a rare, silky-coated terrier created in Czechoslovakia by crossing Scottish and Sealyham Terriers. One of the world's rarest breeds.",185
glen-of-imaal-terrier,Glen of Imaal Terrier,Ireland,Terrier,Small,Gentle|Spirited|Bold,10-15 years,14,18,30,36,"The Glen of Imaal Terrier is a sturdy, low-slung Irish terrier from the Glen of Imaal in County Wicklow. A tough, spirited dog with a gentle disposition.",174
dandie-dinmont-terrier,Dandie Dinmont Terrier,United Kingdom,Terrier,Small,Independent|Smart|Proud,12-15 years,8,11,20,28,The Dandie Dinmont Terrier is a uniquely shaped terrier named after a character in a Sir Walter Scott novel. One of the most endangered native British breeds.,176
sealyham-terrier,Sealyham Terrier,United Kingdom,Terrier,Small,Outgoing|Sense of Humor|Calm,12-14 years,10,11,27,31,"The Sealyham Terrier is a rare Welsh terrier once the most popular terrier breed. A sturdy, outgoing, and adaptable companion with a wry sense of humor.",164
skye-terrier,Skye Terrier,United Kingdom,Terrier,Medium,Courageous|Good-Tempered|Loyal,12-14 years,16,18,24,26,"The Skye Terrier is a distinctive breed from the Isle of Skye with a long, flowing coat. One of the most endangered native British breeds, known for its unwavering loyalty.",178
lakeland-terrier,Lakeland Terrier,United Kingdom,Terrier,Small,Bold|Friendly|Confident,12-15 years,7,8,34,37,"The Lakeland Terrier is a sturdy, workmanlike terrier from the Lake District of England. Bred to hunt foxes that preyed on sheep in the rugged fells.",147
manchester-terrier,Manchester Terrier,United Kingdom,Terrier,Small,Spirited|Bright|Athletic,15-17 years,5,10,38,42,"The Manchester Terrier is a sleek, spirited rat-catching terrier from Manchester, England. The oldest identifiable terrier breed, elegant and athletic.",133
petit-basset-griffon-vendeen-2,Grand Basset Griffon Vendeen,France,Hound,Medium,Independent|Happy|Outgoing,13-15 years,18,20,39,44,The Grand Basset Griffon Vendeen is a French hound breed with a rough coat and long ears. Bred for hunting hare in the Vendee region of western France.,167
otterhound,Otterhound,United Kingdom,Hound,Large,Amiable|Boisterous|Even-Tempered,10-13 years,36,54,61,69,"The Otterhound is one of the most endangered dog breeds with fewer than 800 worldwide. A large, rough-coated British hound originally bred to hunt otters.",189
harrier,Harrier,United Kingdom,Hound,Medium,Friendly|Outgoing|People-Oriented,12-15 years,20,27,48,53,"The Harrier is a medium-sized English pack hound used for hunting hares. Resembles a smaller version of the English Foxhound with a sweet, friendly nature.",188
bergamasco-sheepdog,Bergamasco Sheepdog,Italy,Herding,Large,Independent|Sociable|Intelligent,13-15 years,26,38,54,62,The Bergamasco Sheepdog has a unique coat composed of three types of hair that form felt-like mats or flocks. An ancient Italian herding breed from the Alps.,187
canaan-dog-3,Canaan Dog,Israel,Herding,Medium,Confident|Alert|Vigilant,12-15 years,18,25,48,61,"The Canaan Dog is a primitive, hardy breed from the Middle East. Alert and territorial, it serves as Israel's national dog breed.",179
